,Comparison,Metric,Segment,value
0,GTvsDL,DICE,brain,0.93746722341048
1,GTvsDL,EPL,brain,13539.82284330986
2,GTvsDL,Hausdorff,brain,22.10360676359785
3,GTvsDL,LineRatio,brain,0.0
4,GTvsDL,MSD,brain,0.9017708614230452
5,GTvsDL,VolumeRatio,brain,0.0
6,GTvsDLB,DICE,brain,0.985948900707228
7,GTvsDLB,EPL,brain,12212.862813600352
8,GTvsDLB,Hausdorff,brain,12.241477262062332
9,GTvsDLB,LineRatio,brain,0.0
10,GTvsDLB,MSD,brain,0.043326249054916104
11,GTvsDLB,VolumeRatio,brain,0.0
12,GTvsDL,DICE,brainstem,0.8460396443525003
13,GTvsDL,EPL,brainstem,1499.7177868150684
14,GTvsDL,Hausdorff,brainstem,7.5794434802621895
15,GTvsDL,LineRatio,brainstem,0.0
16,GTvsDL,MSD,brainstem,0.39857238905444836
17,GTvsDL,VolumeRatio,brainstem,0.0
18,GTvsDLB,DICE,brainstem,0.9074837820372275
19,GTvsDLB,EPL,brainstem,1283.8915881849316
20,GTvsDLB,Hausdorff,brainstem,5.447214085554969
21,GTvsDLB,LineRatio,brainstem,0.0
22,GTvsDLB,MSD,brainstem,0.15518011347911467
23,GTvsDLB,VolumeRatio,brainstem,0.0
24,GTvsDL,DICE,esophagus,0.718374367153458
25,GTvsDL,EPL,esophagus,1051.0317451584508
26,GTvsDL,Hausdorff,esophagus,19.191921513748156
27,GTvsDL,LineRatio,esophagus,0.0
28,GTvsDL,MSD,esophagus,1.733886727125043
29,GTvsDL,VolumeRatio,esophagus,0.0
30,GTvsDLB,DICE,esophagus,0.8735841271025009
31,GTvsDLB,EPL,esophagus,882.2211707746479
32,GTvsDLB,Hausdorff,esophagus,9.790247103485862
33,GTvsDLB,LineRatio,esophagus,0.0
34,GTvsDLB,MSD,esophagus,0.21761436212668187
35,GTvsDLB,VolumeRatio,esophagus,0.0
36,GTvsDL,DICE,eyeback_merged,0.6681186266022219
37,GTvsDL,EPL,eyeback_merged,783.0412326388889
38,GTvsDL,Hausdorff,eyeback_merged,14.109485761386903
39,GTvsDL,LineRatio,eyeback_merged,0.0
40,GTvsDL,MSD,eyeback_merged,2.3126166498158307
41,GTvsDL,VolumeRatio,eyeback_merged,0.0
42,GTvsDLB,DICE,eyeback_merged,0.8804930397146247
43,GTvsDLB,EPL,eyeback_merged,776.1402698863636
44,GTvsDLB,Hausdorff,eyeback_merged,4.950658088528209
45,GTvsDLB,LineRatio,eyeback_merged,0.0
46,GTvsDLB,MSD,eyeback_merged,0.19594806576638907
47,GTvsDLB,VolumeRatio,eyeback_merged,0.0
48,GTvsDL,DICE,eyefront_merged,0.3558926742719664
49,GTvsDL,EPL,eyefront_merged,380.50494791666665
50,GTvsDL,Hausdorff,eyefront_merged,35.41651215623993
51,GTvsDL,LineRatio,eyefront_merged,0.0
52,GTvsDL,MSD,eyefront_merged,8.205725925139781
53,GTvsDL,VolumeRatio,eyefront_merged,0.0
54,GTvsDLB,DICE,eyefront_merged,0.8073114671038923
55,GTvsDLB,EPL,eyefront_merged,633.0110085227273
56,GTvsDLB,Hausdorff,eyefront_merged,5.444935940091822
57,GTvsDLB,LineRatio,eyefront_merged,0.0
58,GTvsDLB,MSD,eyefront_merged,0.4341668561392835
59,GTvsDLB,VolumeRatio,eyefront_merged,0.0
60,GTvsDL,DICE,lips,0.6345457896882111
61,GTvsDL,EPL,lips,1586.119381421233
62,GTvsDL,Hausdorff,lips,17.161108362189516
63,GTvsDL,LineRatio,lips,0.0
64,GTvsDL,MSD,lips,1.6373965287680379
65,GTvsDL,VolumeRatio,lips,0.0
66,GTvsDLB,DICE,lips,0.8492434370505868
67,GTvsDLB,EPL,lips,1233.368926583904
68,GTvsDLB,Hausdorff,lips,7.431278876850111
69,GTvsDLB,LineRatio,lips,0.0
70,GTvsDLB,MSD,lips,0.3257416656798381
71,GTvsDLB,VolumeRatio,lips,0.0
72,GTvsDL,DICE,mandible,0.906322466696042
73,GTvsDL,EPL,mandible,4233.706787109375
74,GTvsDL,Hausdorff,mandible,17.833450435667913
75,GTvsDL,LineRatio,mandible,0.0
76,GTvsDL,MSD,mandible,0.4193055975300484
77,GTvsDL,VolumeRatio,mandible,0.0
78,GTvsDLB,DICE,mandible,0.9184903291692853
79,GTvsDLB,EPL,mandible,3932.072211371528
80,GTvsDLB,Hausdorff,mandible,15.018161715601943
81,GTvsDLB,LineRatio,mandible,0.0
82,GTvsDLB,MSD,mandible,0.223056847197
83,GTvsDLB,VolumeRatio,mandible,0.0
84,GTvsDL,DICE,opticNerve_merged,
85,GTvsDL,EPL,opticNerve_merged,
86,GTvsDL,Hausdorff,opticNerve_merged,
87,GTvsDL,LineRatio,opticNerve_merged,
88,GTvsDL,MSD,opticNerve_merged,
89,GTvsDL,VolumeRatio,opticNerve_merged,
90,GTvsDLB,DICE,opticNerve_merged,
91,GTvsDLB,EPL,opticNerve_merged,
92,GTvsDLB,Hausdorff,opticNerve_merged,
93,GTvsDLB,LineRatio,opticNerve_merged,
94,GTvsDLB,MSD,opticNerve_merged,
95,GTvsDLB,VolumeRatio,opticNerve_merged,
96,GTvsDL,DICE,parotid_merged,0.8359873361755163
97,GTvsDL,EPL,parotid_merged,3580.3544788099316
98,GTvsDL,Hausdorff,parotid_merged,16.244092113617086
99,GTvsDL,LineRatio,parotid_merged,0.0
100,GTvsDL,MSD,parotid_merged,0.4609094291334693
101,GTvsDL,VolumeRatio,parotid_merged,0.0
102,GTvsDLB,DICE,parotid_merged,0.872728102022726
103,GTvsDLB,EPL,parotid_merged,3233.0082673373286
104,GTvsDLB,Hausdorff,parotid_merged,12.698134220975247
105,GTvsDLB,LineRatio,parotid_merged,0.0
106,GTvsDLB,MSD,parotid_merged,0.31179699408190764
107,GTvsDLB,VolumeRatio,parotid_merged,0.0
108,GTvsDL,DICE,pcm_low,0.5327180858300569
109,GTvsDL,EPL,pcm_low,721.4037224264706
110,GTvsDL,Hausdorff,pcm_low,14.313112004352707
111,GTvsDL,LineRatio,pcm_low,0.0
112,GTvsDL,MSD,pcm_low,2.283000288351491
113,GTvsDL,VolumeRatio,pcm_low,0.0
114,GTvsDLB,DICE,pcm_low,0.8262659650826608
115,GTvsDLB,EPL,pcm_low,619.8539663461538
116,GTvsDLB,Hausdorff,pcm_low,13.355977924856228
117,GTvsDLB,LineRatio,pcm_low,0.0
118,GTvsDLB,MSD,pcm_low,0.6672273566232967
119,GTvsDLB,VolumeRatio,pcm_low,0.0
120,GTvsDL,DICE,pcm_mid,0.5892938469952674
121,GTvsDL,EPL,pcm_mid,969.2940673828125
122,GTvsDL,Hausdorff,pcm_mid,14.0282032534402
123,GTvsDL,LineRatio,pcm_mid,0.0
124,GTvsDL,MSD,pcm_mid,1.808274854141046
125,GTvsDL,VolumeRatio,pcm_mid,0.0
126,GTvsDLB,DICE,pcm_mid,0.8501617089175383
127,GTvsDLB,EPL,pcm_mid,790.7997532894736
128,GTvsDLB,Hausdorff,pcm_mid,5.8303304977292525
129,GTvsDLB,LineRatio,pcm_mid,0.0
130,GTvsDLB,MSD,pcm_mid,0.26038583082648914
131,GTvsDLB,VolumeRatio,pcm_mid,0.0
132,GTvsDL,DICE,pcm_up,0.5516219688272563
133,GTvsDL,EPL,pcm_up,1486.6081912878788
134,GTvsDL,Hausdorff,pcm_up,23.828800055237103
135,GTvsDL,LineRatio,pcm_up,0.0
136,GTvsDL,MSD,pcm_up,2.2692362785002613
137,GTvsDL,VolumeRatio,pcm_up,0.0
138,GTvsDLB,DICE,pcm_up,0.7808197838453234
139,GTvsDLB,EPL,pcm_up,1525.8220600328948
140,GTvsDLB,Hausdorff,pcm_up,14.139416515088586
141,GTvsDLB,LineRatio,pcm_up,0.0
142,GTvsDLB,MSD,pcm_up,0.47329978042931325
143,GTvsDLB,VolumeRatio,pcm_up,0.0
144,GTvsDL,DICE,spinalcord,0.8139816703723822
145,GTvsDL,EPL,spinalcord,2645.4813249143835
146,GTvsDL,Hausdorff,spinalcord,14.657354446382753
147,GTvsDL,LineRatio,spinalcord,0.0
148,GTvsDL,MSD,spinalcord,0.7750026391579836
149,GTvsDL,VolumeRatio,spinalcord,0.0
150,GTvsDLB,DICE,spinalcord,0.8222009867603954
151,GTvsDLB,EPL,spinalcord,2670.841502568493
152,GTvsDLB,Hausdorff,spinalcord,15.991223814949292
153,GTvsDLB,LineRatio,spinalcord,0.0
154,GTvsDLB,MSD,spinalcord,0.7617319735146264
155,GTvsDLB,VolumeRatio,spinalcord,0.0
156,GTvsDL,DICE,submandibular_merged,0.7825294699003015
157,GTvsDL,EPL,submandibular_merged,1289.476243622449
158,GTvsDL,Hausdorff,submandibular_merged,12.397377103717462
159,GTvsDL,LineRatio,submandibular_merged,0.0
160,GTvsDL,MSD,submandibular_merged,0.992329491746545
161,GTvsDL,VolumeRatio,submandibular_merged,0.0
162,GTvsDLB,DICE,submandibular_merged,0.8899004897762086
163,GTvsDLB,EPL,submandibular_merged,1268.8332270408164
164,GTvsDLB,Hausdorff,submandibular_merged,6.187208076400614
165,GTvsDLB,LineRatio,submandibular_merged,0.0
166,GTvsDLB,MSD,submandibular_merged,0.2028688019466446
167,GTvsDLB,VolumeRatio,submandibular_merged,0.0
168,GTvsDL,DICE,thyroid,0.828673680903786
169,GTvsDL,EPL,thyroid,1852.8638756793478
170,GTvsDL,Hausdorff,thyroid,10.033918061088016
171,GTvsDL,LineRatio,thyroid,0.0
172,GTvsDL,MSD,thyroid,0.42323450534183954
173,GTvsDL,VolumeRatio,thyroid,0.0
174,GTvsDLB,DICE,thyroid,0.8610436855882676
175,GTvsDLB,EPL,thyroid,1696.6516360960145
176,GTvsDLB,Hausdorff,thyroid,11.69392638479004
177,GTvsDLB,LineRatio,thyroid,0.0
178,GTvsDLB,MSD,thyroid,0.3119889668166385
179,GTvsDLB,VolumeRatio,thyroid,0.0
180,GTvsDL,DICE,brain_1,0.93746722341048
181,GTvsDL,EPL,brain_1,3505.5111960827467
182,GTvsDL,Hausdorff,brain_1,22.10360676359785
183,GTvsDL,LineRatio,brain_1,0.0
184,GTvsDL,MSD,brain_1,0.9017708614230452
185,GTvsDL,VolumeRatio,brain_1,0.0
186,GTvsDLB,DICE,brain_1,0.985948900707228
187,GTvsDLB,EPL,brain_1,2187.480111135563
188,GTvsDLB,Hausdorff,brain_1,12.241477262062332
189,GTvsDLB,LineRatio,brain_1,0.0
190,GTvsDLB,MSD,brain_1,0.043326249054916104
191,GTvsDLB,VolumeRatio,brain_1,0.0
192,GTvsDL,DICE,brainstem_1,0.8460396443525003
193,GTvsDL,EPL,brainstem_1,748.0441459760274
194,GTvsDL,Hausdorff,brainstem_1,7.5794434802621895
195,GTvsDL,LineRatio,brainstem_1,0.0
196,GTvsDL,MSD,brainstem_1,0.39857238905444836
197,GTvsDL,VolumeRatio,brainstem_1,0.0
198,GTvsDLB,DICE,brainstem_1,0.9074837820372275
199,GTvsDLB,EPL,brainstem_1,533.574084974315
200,GTvsDLB,Hausdorff,brainstem_1,5.447214085554969
201,GTvsDLB,LineRatio,brainstem_1,0.0
202,GTvsDLB,MSD,brainstem_1,0.15518011347911467
203,GTvsDLB,VolumeRatio,brainstem_1,0.0
204,GTvsDL,DICE,esophagus_1,0.718374367153458
205,GTvsDL,EPL,esophagus_1,476.4140349911972
206,GTvsDL,Hausdorff,esophagus_1,19.191921513748156
207,GTvsDL,LineRatio,esophagus_1,0.0
208,GTvsDL,MSD,esophagus_1,1.733886727125043
209,GTvsDL,VolumeRatio,esophagus_1,0.0
210,GTvsDLB,DICE,esophagus_1,0.8735841271025009
211,GTvsDLB,EPL,esophagus_1,269.55961157570425
212,GTvsDLB,Hausdorff,esophagus_1,9.790247103485862
213,GTvsDLB,LineRatio,esophagus_1,0.0
214,GTvsDLB,MSD,esophagus_1,0.21761436212668187
215,GTvsDLB,VolumeRatio,esophagus_1,0.0
216,GTvsDL,DICE,eyeback_merged_1,0.6681186266022219
217,GTvsDL,EPL,eyeback_merged_1,429.5755208333333
218,GTvsDL,Hausdorff,eyeback_merged_1,14.109485761386903
219,GTvsDL,LineRatio,eyeback_merged_1,0.0
220,GTvsDL,MSD,eyeback_merged_1,2.3126166498158307
221,GTvsDL,VolumeRatio,eyeback_merged_1,0.0
222,GTvsDLB,DICE,eyeback_merged_1,0.8804930397146247
223,GTvsDLB,EPL,eyeback_merged_1,272.75834517045456
224,GTvsDLB,Hausdorff,eyeback_merged_1,4.950658088528209
225,GTvsDLB,LineRatio,eyeback_merged_1,0.0
226,GTvsDLB,MSD,eyeback_merged_1,0.19594806576638907
227,GTvsDLB,VolumeRatio,eyeback_merged_1,0.0
228,GTvsDL,DICE,eyefront_merged_1,0.3558926742719664
229,GTvsDL,EPL,eyefront_merged_1,279.10703125
230,GTvsDL,Hausdorff,eyefront_merged_1,35.41651215623993
231,GTvsDL,LineRatio,eyefront_merged_1,0.0
232,GTvsDL,MSD,eyefront_merged_1,8.205725925139781
233,GTvsDL,VolumeRatio,eyefront_merged_1,0.0
234,GTvsDLB,DICE,eyefront_merged_1,0.8073114671038923
235,GTvsDLB,EPL,eyefront_merged_1,270.49485085227275
236,GTvsDLB,Hausdorff,eyefront_merged_1,5.444935940091822
237,GTvsDLB,LineRatio,eyefront_merged_1,0.0
238,GTvsDLB,MSD,eyefront_merged_1,0.4341668561392835
239,GTvsDLB,VolumeRatio,eyefront_merged_1,0.0
240,GTvsDL,DICE,lips_1,0.6345457896882111
241,GTvsDL,EPL,lips_1,962.3408872003424
242,GTvsDL,Hausdorff,lips_1,17.161108362189516
243,GTvsDL,LineRatio,lips_1,0.0
244,GTvsDL,MSD,lips_1,1.6373965287680379
245,GTvsDL,VolumeRatio,lips_1,0.0
246,GTvsDLB,DICE,lips_1,0.8492434370505868
247,GTvsDLB,EPL,lips_1,529.8656624571918
248,GTvsDLB,Hausdorff,lips_1,7.431278876850111
249,GTvsDLB,LineRatio,lips_1,0.0
250,GTvsDLB,MSD,lips_1,0.3257416656798381
251,GTvsDLB,VolumeRatio,lips_1,0.0
252,GTvsDL,DICE,mandible_1,0.906322466696042
253,GTvsDL,EPL,mandible_1,886.0164930555555
254,GTvsDL,Hausdorff,mandible_1,17.833450435667913
255,GTvsDL,LineRatio,mandible_1,0.0
256,GTvsDL,MSD,mandible_1,0.4193055975300484
257,GTvsDL,VolumeRatio,mandible_1,0.0
258,GTvsDLB,DICE,mandible_1,0.9184903291692853
259,GTvsDLB,EPL,mandible_1,687.39111328125
260,GTvsDLB,Hausdorff,mandible_1,15.018161715601943
261,GTvsDLB,LineRatio,mandible_1,0.0
262,GTvsDLB,MSD,mandible_1,0.223056847197
263,GTvsDLB,VolumeRatio,mandible_1,0.0
264,GTvsDL,DICE,opticNerve_merged_1,
265,GTvsDL,EPL,opticNerve_merged_1,
266,GTvsDL,Hausdorff,opticNerve_merged_1,
267,GTvsDL,LineRatio,opticNerve_merged_1,
268,GTvsDL,MSD,opticNerve_merged_1,
269,GTvsDL,VolumeRatio,opticNerve_merged_1,
270,GTvsDLB,DICE,opticNerve_merged_1,
271,GTvsDLB,EPL,opticNerve_merged_1,
272,GTvsDLB,Hausdorff,opticNerve_merged_1,
273,GTvsDLB,LineRatio,opticNerve_merged_1,
274,GTvsDLB,MSD,opticNerve_merged_1,
275,GTvsDLB,VolumeRatio,opticNerve_merged_1,
276,GTvsDL,DICE,parotid_merged_1,0.8359873361755163
277,GTvsDL,EPL,parotid_merged_1,1910.0810413099316
278,GTvsDL,Hausdorff,parotid_merged_1,16.244092113617086
279,GTvsDL,LineRatio,parotid_merged_1,0.0
280,GTvsDL,MSD,parotid_merged_1,0.4609094291334693
281,GTvsDL,VolumeRatio,parotid_merged_1,0.0
282,GTvsDLB,DICE,parotid_merged_1,0.872728102022726
283,GTvsDLB,EPL,parotid_merged_1,1523.0892283818494
284,GTvsDLB,Hausdorff,parotid_merged_1,12.698134220975247
285,GTvsDLB,LineRatio,parotid_merged_1,0.0
286,GTvsDLB,MSD,parotid_merged_1,0.31179699408190764
287,GTvsDLB,VolumeRatio,parotid_merged_1,0.0
288,GTvsDL,DICE,pcm_low_1,0.5327180858300569
289,GTvsDL,EPL,pcm_low_1,403.2290900735294
290,GTvsDL,Hausdorff,pcm_low_1,14.313112004352707
291,GTvsDL,LineRatio,pcm_low_1,0.0
292,GTvsDL,MSD,pcm_low_1,2.283000288351491
293,GTvsDL,VolumeRatio,pcm_low_1,0.0
294,GTvsDLB,DICE,pcm_low_1,0.8262659650826608
295,GTvsDLB,EPL,pcm_low_1,202.1522435897436
296,GTvsDLB,Hausdorff,pcm_low_1,13.355977924856228
297,GTvsDLB,LineRatio,pcm_low_1,0.0
298,GTvsDLB,MSD,pcm_low_1,0.6672273566232967
299,GTvsDLB,VolumeRatio,pcm_low_1,0.0
300,GTvsDL,DICE,pcm_mid_1,0.5892938469952674
301,GTvsDL,EPL,pcm_mid_1,490.731689453125
302,GTvsDL,Hausdorff,pcm_mid_1,14.0282032534402
303,GTvsDL,LineRatio,pcm_mid_1,0.0
304,GTvsDL,MSD,pcm_mid_1,1.8082748541410458
305,GTvsDL,VolumeRatio,pcm_mid_1,0.0
306,GTvsDLB,DICE,pcm_mid_1,0.8501617089175383
307,GTvsDLB,EPL,pcm_mid_1,237.7145353618421
308,GTvsDLB,Hausdorff,pcm_mid_1,5.8303304977292525
309,GTvsDLB,LineRatio,pcm_mid_1,0.0
310,GTvsDLB,MSD,pcm_mid_1,0.26038583082648914
311,GTvsDLB,VolumeRatio,pcm_mid_1,0.0
312,GTvsDL,DICE,pcm_up_1,0.5516219688272563
313,GTvsDL,EPL,pcm_up_1,854.8012547348485
314,GTvsDL,Hausdorff,pcm_up_1,23.828800055237103
315,GTvsDL,LineRatio,pcm_up_1,0.0
316,GTvsDL,MSD,pcm_up_1,2.2692362785002613
317,GTvsDL,VolumeRatio,pcm_up_1,0.0
318,GTvsDLB,DICE,pcm_up_1,0.7808197838453234
319,GTvsDLB,EPL,pcm_up_1,707.254728618421
320,GTvsDLB,Hausdorff,pcm_up_1,14.139416515088586
321,GTvsDLB,LineRatio,pcm_up_1,0.0
322,GTvsDLB,MSD,pcm_up_1,0.47329978042931325
323,GTvsDLB,VolumeRatio,pcm_up_1,0.0
324,GTvsDL,DICE,spinalcord_1,0.8139816703723822
325,GTvsDL,EPL,spinalcord_1,882.1852793236301
326,GTvsDL,Hausdorff,spinalcord_1,14.657354446382753
327,GTvsDL,LineRatio,spinalcord_1,0.0
328,GTvsDL,MSD,spinalcord_1,0.7750026391579836
329,GTvsDL,VolumeRatio,spinalcord_1,0.0
330,GTvsDLB,DICE,spinalcord_1,0.8222009867603954
331,GTvsDLB,EPL,spinalcord_1,864.7037136130137
332,GTvsDLB,Hausdorff,spinalcord_1,15.991223814949292
333,GTvsDLB,LineRatio,spinalcord_1,0.0
334,GTvsDLB,MSD,spinalcord_1,0.7617319735146264
335,GTvsDLB,VolumeRatio,spinalcord_1,0.0
336,GTvsDL,DICE,submandibular_merged_1,0.7825294699003015
337,GTvsDL,EPL,submandibular_merged_1,574.4358258928571
338,GTvsDL,Hausdorff,submandibular_merged_1,12.397377103717462
339,GTvsDL,LineRatio,submandibular_merged_1,0.0
340,GTvsDL,MSD,submandibular_merged_1,0.992329491746545
341,GTvsDL,VolumeRatio,submandibular_merged_1,0.0
342,GTvsDLB,DICE,submandibular_merged_1,0.8899004897762086
343,GTvsDLB,EPL,submandibular_merged_1,458.03125
344,GTvsDLB,Hausdorff,submandibular_merged_1,6.187208076400614
345,GTvsDLB,LineRatio,submandibular_merged_1,0.0
346,GTvsDLB,MSD,submandibular_merged_1,0.2028688019466446
347,GTvsDLB,VolumeRatio,submandibular_merged_1,0.0
348,GTvsDL,DICE,thyroid_1,0.828673680903786
349,GTvsDL,EPL,thyroid_1,741.2004076086956
350,GTvsDL,Hausdorff,thyroid_1,10.033918061088016
351,GTvsDL,LineRatio,thyroid_1,0.0
352,GTvsDL,MSD,thyroid_1,0.42323450534183954
353,GTvsDL,VolumeRatio,thyroid_1,0.0
354,GTvsDLB,DICE,thyroid_1,0.8610436855882676
355,GTvsDLB,EPL,thyroid_1,609.531051856884
356,GTvsDLB,Hausdorff,thyroid_1,11.69392638479004
357,GTvsDLB,LineRatio,thyroid_1,0.0
358,GTvsDLB,MSD,thyroid_1,0.3119889668166385
359,GTvsDLB,VolumeRatio,thyroid_1,0.0
360,GTvsDL,DICE,brain_2,0.93746722341048
361,GTvsDL,EPL,brain_2,1870.3542308538733
362,GTvsDL,Hausdorff,brain_2,22.10360676359785
363,GTvsDL,LineRatio,brain_2,0.0
364,GTvsDL,MSD,brain_2,0.9017708614230452
365,GTvsDL,VolumeRatio,brain_2,0.0
366,GTvsDLB,DICE,brain_2,0.985948900707228
367,GTvsDLB,EPL,brain_2,843.9740316901408
368,GTvsDLB,Hausdorff,brain_2,12.241477262062332
369,GTvsDLB,LineRatio,brain_2,0.0
370,GTvsDLB,MSD,brain_2,0.043326249054916104
371,GTvsDLB,VolumeRatio,brain_2,0.0
372,GTvsDL,DICE,brainstem_2,0.8460396443525003
373,GTvsDL,EPL,brainstem_2,353.5160798373288
374,GTvsDL,Hausdorff,brainstem_2,7.5794434802621895
375,GTvsDL,LineRatio,brainstem_2,0.0
376,GTvsDL,MSD,brainstem_2,0.39857238905444836
377,GTvsDL,VolumeRatio,brainstem_2,0.0
378,GTvsDLB,DICE,brainstem_2,0.9074837820372275
379,GTvsDLB,EPL,brainstem_2,197.48501712328766
380,GTvsDLB,Hausdorff,brainstem_2,5.447214085554969
381,GTvsDLB,LineRatio,brainstem_2,0.0
382,GTvsDLB,MSD,brainstem_2,0.15518011347911467
383,GTvsDLB,VolumeRatio,brainstem_2,0.0
384,GTvsDL,DICE,esophagus_2,0.718374367153458
385,GTvsDL,EPL,esophagus_2,250.23148657570422
386,GTvsDL,Hausdorff,esophagus_2,19.191921513748156
387,GTvsDL,LineRatio,esophagus_2,0.0
388,GTvsDL,MSD,esophagus_2,1.733886727125043
389,GTvsDL,VolumeRatio,esophagus_2,0.0
390,GTvsDLB,DICE,esophagus_2,0.8735841271025009
391,GTvsDLB,EPL,esophagus_2,94.00024757922536
392,GTvsDLB,Hausdorff,esophagus_2,9.790247103485862
393,GTvsDLB,LineRatio,esophagus_2,0.0
394,GTvsDLB,MSD,esophagus_2,0.21761436212668187
395,GTvsDLB,VolumeRatio,esophagus_2,0.0
396,GTvsDL,DICE,eyeback_merged_2,0.6681186266022219
397,GTvsDL,EPL,eyeback_merged_2,231.55425347222223
398,GTvsDL,Hausdorff,eyeback_merged_2,14.109485761386903
399,GTvsDL,LineRatio,eyeback_merged_2,0.0
400,GTvsDL,MSD,eyeback_merged_2,2.3126166498158307
401,GTvsDL,VolumeRatio,eyeback_merged_2,0.0
402,GTvsDLB,DICE,eyeback_merged_2,0.8804930397146247
403,GTvsDLB,EPL,eyeback_merged_2,87.2217684659091
404,GTvsDLB,Hausdorff,eyeback_merged_2,4.950658088528209
405,GTvsDLB,LineRatio,eyeback_merged_2,0.0
406,GTvsDLB,MSD,eyeback_merged_2,0.19594806576638907
407,GTvsDLB,VolumeRatio,eyeback_merged_2,0.0
408,GTvsDL,DICE,eyefront_merged_2,0.3558926742719664
409,GTvsDL,EPL,eyefront_merged_2,200.78203125
410,GTvsDL,Hausdorff,eyefront_merged_2,35.41651215623993
411,GTvsDL,LineRatio,eyefront_merged_2,0.0
412,GTvsDL,MSD,eyefront_merged_2,8.205725925139781
413,GTvsDL,VolumeRatio,eyefront_merged_2,0.0
414,GTvsDLB,DICE,eyefront_merged_2,0.8073114671038923
415,GTvsDLB,EPL,eyefront_merged_2,107.76722301136364
416,GTvsDLB,Hausdorff,eyefront_merged_2,5.444935940091822
417,GTvsDLB,LineRatio,eyefront_merged_2,0.0
418,GTvsDLB,MSD,eyefront_merged_2,0.4341668561392835
419,GTvsDLB,VolumeRatio,eyefront_merged_2,0.0
420,GTvsDL,DICE,lips_2,0.6345457896882111
421,GTvsDL,EPL,lips_2,619.3266802226027
422,GTvsDL,Hausdorff,lips_2,17.161108362189516
423,GTvsDL,LineRatio,lips_2,0.0
424,GTvsDL,MSD,lips_2,1.6373965287680379
425,GTvsDL,VolumeRatio,lips_2,0.0
426,GTvsDLB,DICE,lips_2,0.8492434370505868
427,GTvsDLB,EPL,lips_2,245.40713291952054
428,GTvsDLB,Hausdorff,lips_2,7.431278876850111
429,GTvsDLB,LineRatio,lips_2,0.0
430,GTvsDLB,MSD,lips_2,0.3257416656798381
431,GTvsDLB,VolumeRatio,lips_2,0.0
432,GTvsDL,DICE,mandible_2,0.906322466696042
433,GTvsDL,EPL,mandible_2,417.14830186631946
434,GTvsDL,Hausdorff,mandible_2,17.833450435667913
435,GTvsDL,LineRatio,mandible_2,0.0
436,GTvsDL,MSD,mandible_2,0.4193055975300484
437,GTvsDL,VolumeRatio,mandible_2,0.0
438,GTvsDLB,DICE,mandible_2,0.9184903291692853
439,GTvsDLB,EPL,mandible_2,284.447265625
440,GTvsDLB,Hausdorff,mandible_2,15.018161715601943
441,GTvsDLB,LineRatio,mandible_2,0.0
442,GTvsDLB,MSD,mandible_2,0.223056847197
443,GTvsDLB,VolumeRatio,mandible_2,0.0
444,GTvsDL,DICE,opticNerve_merged_2,
445,GTvsDL,EPL,opticNerve_merged_2,
446,GTvsDL,Hausdorff,opticNerve_merged_2,
447,GTvsDL,LineRatio,opticNerve_merged_2,
448,GTvsDL,MSD,opticNerve_merged_2,
449,GTvsDL,VolumeRatio,opticNerve_merged_2,
450,GTvsDLB,DICE,opticNerve_merged_2,
451,GTvsDLB,EPL,opticNerve_merged_2,
452,GTvsDLB,Hausdorff,opticNerve_merged_2,
453,GTvsDLB,LineRatio,opticNerve_merged_2,
454,GTvsDLB,MSD,opticNerve_merged_2,
455,GTvsDLB,VolumeRatio,opticNerve_merged_2,
456,GTvsDL,DICE,parotid_merged_2,0.8359873361755163
457,GTvsDL,EPL,parotid_merged_2,1086.29856057363
458,GTvsDL,Hausdorff,parotid_merged_2,16.244092113617086
459,GTvsDL,LineRatio,parotid_merged_2,0.0
460,GTvsDL,MSD,parotid_merged_2,0.4609094291334693
461,GTvsDL,VolumeRatio,parotid_merged_2,0.0
462,GTvsDLB,DICE,parotid_merged_2,0.872728102022726
463,GTvsDLB,EPL,parotid_merged_2,762.1199700342465
464,GTvsDLB,Hausdorff,parotid_merged_2,12.698134220975247
465,GTvsDLB,LineRatio,parotid_merged_2,0.0
466,GTvsDLB,MSD,parotid_merged_2,0.31179699408190764
467,GTvsDLB,VolumeRatio,parotid_merged_2,0.0
468,GTvsDL,DICE,pcm_low_2,0.5327180858300569
469,GTvsDL,EPL,pcm_low_2,202.97437959558823
470,GTvsDL,Hausdorff,pcm_low_2,14.313112004352707
471,GTvsDL,LineRatio,pcm_low_2,0.0
472,GTvsDL,MSD,pcm_low_2,2.283000288351491
473,GTvsDL,VolumeRatio,pcm_low_2,0.0
474,GTvsDLB,DICE,pcm_low_2,0.8262659650826608
475,GTvsDLB,EPL,pcm_low_2,60.83964342948718
476,GTvsDLB,Hausdorff,pcm_low_2,13.355977924856228
477,GTvsDLB,LineRatio,pcm_low_2,0.0
478,GTvsDLB,MSD,pcm_low_2,0.6672273566232967
479,GTvsDLB,VolumeRatio,pcm_low_2,0.0
480,GTvsDL,DICE,pcm_mid_2,0.5892938469952674
481,GTvsDL,EPL,pcm_mid_2,263.529541015625
482,GTvsDL,Hausdorff,pcm_mid_2,14.0282032534402
483,GTvsDL,LineRatio,pcm_mid_2,0.0
484,GTvsDL,MSD,pcm_mid_2,1.8082748541410458
485,GTvsDL,VolumeRatio,pcm_mid_2,0.0
486,GTvsDLB,DICE,pcm_mid_2,0.8501617089175383
487,GTvsDLB,EPL,pcm_mid_2,78.55078125
488,GTvsDLB,Hausdorff,pcm_mid_2,5.8303304977292525
489,GTvsDLB,LineRatio,pcm_mid_2,0.0
490,GTvsDLB,MSD,pcm_mid_2,0.26038583082648914
491,GTvsDLB,VolumeRatio,pcm_mid_2,0.0
492,GTvsDL,DICE,pcm_up_2,0.5516219688272563
493,GTvsDL,EPL,pcm_up_2,481.8404356060606
494,GTvsDL,Hausdorff,pcm_up_2,23.828800055237103
495,GTvsDL,LineRatio,pcm_up_2,0.0
496,GTvsDL,MSD,pcm_up_2,2.2692362785002613
497,GTvsDL,VolumeRatio,pcm_up_2,0.0
498,GTvsDLB,DICE,pcm_up_2,0.7808197838453234
499,GTvsDLB,EPL,pcm_up_2,344.8003700657895
500,GTvsDLB,Hausdorff,pcm_up_2,14.139416515088586
501,GTvsDLB,LineRatio,pcm_up_2,0.0
502,GTvsDLB,MSD,pcm_up_2,0.4732997804293132
503,GTvsDLB,VolumeRatio,pcm_up_2,0.0
504,GTvsDL,DICE,spinalcord_2,0.8139816703723822
505,GTvsDL,EPL,spinalcord_2,258.2177600599315
506,GTvsDL,Hausdorff,spinalcord_2,14.657354446382753
507,GTvsDL,LineRatio,spinalcord_2,0.0
508,GTvsDL,MSD,spinalcord_2,0.7750026391579836
509,GTvsDL,VolumeRatio,spinalcord_2,0.0
510,GTvsDLB,DICE,spinalcord_2,0.8222009867603954
511,GTvsDLB,EPL,spinalcord_2,248.8351616010274
512,GTvsDLB,Hausdorff,spinalcord_2,15.991223814949292
513,GTvsDLB,LineRatio,spinalcord_2,0.0
514,GTvsDLB,MSD,spinalcord_2,0.7617319735146264
515,GTvsDLB,VolumeRatio,spinalcord_2,0.0
516,GTvsDL,DICE,submandibular_merged_2,0.7825294699003015
517,GTvsDL,EPL,submandibular_merged_2,299.5445631377551
518,GTvsDL,Hausdorff,submandibular_merged_2,12.397377103717462
519,GTvsDL,LineRatio,submandibular_merged_2,0.0
520,GTvsDL,MSD,submandibular_merged_2,0.992329491746545
521,GTvsDL,VolumeRatio,submandibular_merged_2,0.0
522,GTvsDLB,DICE,submandibular_merged_2,0.8899004897762086
523,GTvsDLB,EPL,submandibular_merged_2,173.4273756377551
524,GTvsDLB,Hausdorff,submandibular_merged_2,6.187208076400614
525,GTvsDLB,LineRatio,submandibular_merged_2,0.0
526,GTvsDLB,MSD,submandibular_merged_2,0.20286880194664467
527,GTvsDLB,VolumeRatio,submandibular_merged_2,0.0
528,GTvsDL,DICE,thyroid_2,0.828673680903786
529,GTvsDL,EPL,thyroid_2,349.4179121376812
530,GTvsDL,Hausdorff,thyroid_2,10.033918061088016
531,GTvsDL,LineRatio,thyroid_2,0.0
532,GTvsDL,MSD,thyroid_2,0.4232345053418395
533,GTvsDL,VolumeRatio,thyroid_2,0.0
534,GTvsDLB,DICE,thyroid_2,0.8610436855882676
535,GTvsDLB,EPL,thyroid_2,264.1144701086956
536,GTvsDLB,Hausdorff,thyroid_2,11.69392638479004
537,GTvsDLB,LineRatio,thyroid_2,0.0
538,GTvsDLB,MSD,thyroid_2,0.3119889668166385
539,GTvsDLB,VolumeRatio,thyroid_2,0.0
540,GTvsDL,DICE,brain_3,0.93746722341048
541,GTvsDL,EPL,brain_3,1225.8507372359154
542,GTvsDL,Hausdorff,brain_3,22.10360676359785
543,GTvsDL,LineRatio,brain_3,0.0
544,GTvsDL,MSD,brain_3,0.9017708614230452
545,GTvsDL,VolumeRatio,brain_3,0.0
546,GTvsDLB,DICE,brain_3,0.985948900707228
547,GTvsDLB,EPL,brain_3,396.3191846390845
548,GTvsDLB,Hausdorff,brain_3,12.241477262062332
549,GTvsDLB,LineRatio,brain_3,0.0
550,GTvsDLB,MSD,brain_3,0.043326249054916104
551,GTvsDLB,VolumeRatio,brain_3,0.0
552,GTvsDL,DICE,brainstem_3,0.8460396443525003
553,GTvsDL,EPL,brainstem_3,182.46393407534248
554,GTvsDL,Hausdorff,brainstem_3,7.5794434802621895
555,GTvsDL,LineRatio,brainstem_3,0.0
556,GTvsDL,MSD,brainstem_3,0.39857238905444836
557,GTvsDL,VolumeRatio,brainstem_3,0.0
558,GTvsDLB,DICE,brainstem_3,0.9074837820372275
559,GTvsDLB,EPL,brainstem_3,75.83478702910959
560,GTvsDLB,Hausdorff,brainstem_3,5.447214085554969
561,GTvsDLB,LineRatio,brainstem_3,0.0
562,GTvsDLB,MSD,brainstem_3,0.15518011347911467
563,GTvsDLB,VolumeRatio,brainstem_3,0.0
564,GTvsDL,DICE,esophagus_3,0.718374367153458
565,GTvsDL,EPL,esophagus_3,125.12213908450704
566,GTvsDL,Hausdorff,esophagus_3,19.191921513748156
567,GTvsDL,LineRatio,esophagus_3,0.0
568,GTvsDL,MSD,esophagus_3,1.733886727125043
569,GTvsDL,VolumeRatio,esophagus_3,0.0
570,GTvsDLB,DICE,esophagus_3,0.8735841271025009
571,GTvsDLB,EPL,esophagus_3,39.533890845070424
572,GTvsDLB,Hausdorff,esophagus_3,9.790247103485862
573,GTvsDLB,LineRatio,esophagus_3,0.0
574,GTvsDLB,MSD,esophagus_3,0.21761436212668187
575,GTvsDLB,VolumeRatio,esophagus_3,0.0
576,GTvsDL,DICE,eyeback_merged_3,0.6681186266022219
577,GTvsDL,EPL,eyeback_merged_3,148.34288194444446
578,GTvsDL,Hausdorff,eyeback_merged_3,14.109485761386903
579,GTvsDL,LineRatio,eyeback_merged_3,0.0
580,GTvsDL,MSD,eyeback_merged_3,2.3126166498158307
581,GTvsDL,VolumeRatio,eyeback_merged_3,0.0
582,GTvsDLB,DICE,eyeback_merged_3,0.8804930397146247
583,GTvsDLB,EPL,eyeback_merged_3,35.32386363636363
584,GTvsDLB,Hausdorff,eyeback_merged_3,4.950658088528209
585,GTvsDLB,LineRatio,eyeback_merged_3,0.0
586,GTvsDLB,MSD,eyeback_merged_3,0.19594806576638907
587,GTvsDLB,VolumeRatio,eyeback_merged_3,0.0
588,GTvsDL,DICE,eyefront_merged_3,0.3558926742719664
589,GTvsDL,EPL,eyefront_merged_3,155.0421875
590,GTvsDL,Hausdorff,eyefront_merged_3,35.41651215623993
591,GTvsDL,LineRatio,eyefront_merged_3,0.0
592,GTvsDL,MSD,eyefront_merged_3,8.205725925139781
593,GTvsDL,VolumeRatio,eyefront_merged_3,0.0
594,GTvsDLB,DICE,eyefront_merged_3,0.8073114671038923
595,GTvsDLB,EPL,eyefront_merged_3,43.39026988636363
596,GTvsDLB,Hausdorff,eyefront_merged_3,5.444935940091822
597,GTvsDLB,LineRatio,eyefront_merged_3,0.0
598,GTvsDLB,MSD,eyefront_merged_3,0.4341668561392835
599,GTvsDLB,VolumeRatio,eyefront_merged_3,0.0
600,GTvsDL,DICE,lips_3,0.6345457896882111
601,GTvsDL,EPL,lips_3,399.8687392979452
602,GTvsDL,Hausdorff,lips_3,17.161108362189516
603,GTvsDL,LineRatio,lips_3,0.0
604,GTvsDL,MSD,lips_3,1.6373965287680379
605,GTvsDL,VolumeRatio,lips_3,0.0
606,GTvsDLB,DICE,lips_3,0.8492434370505868
607,GTvsDLB,EPL,lips_3,121.3363120719178
608,GTvsDLB,Hausdorff,lips_3,7.431278876850111
609,GTvsDLB,LineRatio,lips_3,0.0
610,GTvsDLB,MSD,lips_3,0.3257416656798381
611,GTvsDLB,VolumeRatio,lips_3,0.0
612,GTvsDL,DICE,mandible_3,0.906322466696042
613,GTvsDL,EPL,mandible_3,277.4584689670139
614,GTvsDL,Hausdorff,mandible_3,17.833450435667913
615,GTvsDL,LineRatio,mandible_3,0.0
616,GTvsDL,MSD,mandible_3,0.4193055975300484
617,GTvsDL,VolumeRatio,mandible_3,0.0
618,GTvsDLB,DICE,mandible_3,0.9184903291692853
619,GTvsDLB,EPL,mandible_3,199.42271592881946
620,GTvsDLB,Hausdorff,mandible_3,15.018161715601943
621,GTvsDLB,LineRatio,mandible_3,0.0
622,GTvsDLB,MSD,mandible_3,0.223056847197
623,GTvsDLB,VolumeRatio,mandible_3,0.0
624,GTvsDL,DICE,opticNerve_merged_3,
625,GTvsDL,EPL,opticNerve_merged_3,
626,GTvsDL,Hausdorff,opticNerve_merged_3,
627,GTvsDL,LineRatio,opticNerve_merged_3,
628,GTvsDL,MSD,opticNerve_merged_3,
629,GTvsDL,VolumeRatio,opticNerve_merged_3,
630,GTvsDLB,DICE,opticNerve_merged_3,
631,GTvsDLB,EPL,opticNerve_merged_3,
632,GTvsDLB,Hausdorff,opticNerve_merged_3,
633,GTvsDLB,LineRatio,opticNerve_merged_3,
634,GTvsDLB,MSD,opticNerve_merged_3,
635,GTvsDLB,VolumeRatio,opticNerve_merged_3,
636,GTvsDL,DICE,parotid_merged_3,0.8359873361755163
637,GTvsDL,EPL,parotid_merged_3,657.714736729452
638,GTvsDL,Hausdorff,parotid_merged_3,16.244092113617086
639,GTvsDL,LineRatio,parotid_merged_3,0.0
640,GTvsDL,MSD,parotid_merged_3,0.4609094291334693
641,GTvsDL,VolumeRatio,parotid_merged_3,0.0
642,GTvsDLB,DICE,parotid_merged_3,0.872728102022726
643,GTvsDLB,EPL,parotid_merged_3,425.26830051369865
644,GTvsDLB,Hausdorff,parotid_merged_3,12.698134220975247
645,GTvsDLB,LineRatio,parotid_merged_3,0.0
646,GTvsDLB,MSD,parotid_merged_3,0.31179699408190764
647,GTvsDLB,VolumeRatio,parotid_merged_3,0.0
648,GTvsDL,DICE,pcm_low_3,0.5327180858300569
649,GTvsDL,EPL,pcm_low_3,51.41348805147059
650,GTvsDL,Hausdorff,pcm_low_3,14.313112004352707
651,GTvsDL,LineRatio,pcm_low_3,0.0
652,GTvsDL,MSD,pcm_low_3,2.283000288351491
653,GTvsDL,VolumeRatio,pcm_low_3,0.0
654,GTvsDLB,DICE,pcm_low_3,0.8262659650826608
655,GTvsDLB,EPL,pcm_low_3,23.6640625
656,GTvsDLB,Hausdorff,pcm_low_3,13.355977924856228
657,GTvsDLB,LineRatio,pcm_low_3,0.0
658,GTvsDLB,MSD,pcm_low_3,0.6672273566232967
659,GTvsDLB,VolumeRatio,pcm_low_3,0.0
660,GTvsDL,DICE,pcm_mid_3,0.5892938469952674
661,GTvsDL,EPL,pcm_mid_3,89.3802490234375
662,GTvsDL,Hausdorff,pcm_mid_3,14.0282032534402
663,GTvsDL,LineRatio,pcm_mid_3,0.0
664,GTvsDL,MSD,pcm_mid_3,1.808274854141046
665,GTvsDL,VolumeRatio,pcm_mid_3,0.0
666,GTvsDLB,DICE,pcm_mid_3,0.8501617089175383
667,GTvsDLB,EPL,pcm_mid_3,34.9215666118421
668,GTvsDLB,Hausdorff,pcm_mid_3,5.8303304977292525
669,GTvsDLB,LineRatio,pcm_mid_3,0.0
670,GTvsDLB,MSD,pcm_mid_3,0.26038583082648914
671,GTvsDLB,VolumeRatio,pcm_mid_3,0.0
672,GTvsDL,DICE,pcm_up_3,0.5516219688272563
673,GTvsDL,EPL,pcm_up_3,234.61908143939394
674,GTvsDL,Hausdorff,pcm_up_3,23.828800055237103
675,GTvsDL,LineRatio,pcm_up_3,0.0
676,GTvsDL,MSD,pcm_up_3,2.2692362785002613
677,GTvsDL,VolumeRatio,pcm_up_3,0.0
678,GTvsDLB,DICE,pcm_up_3,0.7808197838453234
679,GTvsDLB,EPL,pcm_up_3,150.53453947368422
680,GTvsDLB,Hausdorff,pcm_up_3,14.139416515088586
681,GTvsDLB,LineRatio,pcm_up_3,0.0
682,GTvsDLB,MSD,pcm_up_3,0.47329978042931325
683,GTvsDLB,VolumeRatio,pcm_up_3,0.0
684,GTvsDL,DICE,spinalcord_3,0.8139816703723822
685,GTvsDL,EPL,spinalcord_3,97.03898223458904
686,GTvsDL,Hausdorff,spinalcord_3,14.657354446382753
687,GTvsDL,LineRatio,spinalcord_3,0.0
688,GTvsDL,MSD,spinalcord_3,0.7750026391579836
689,GTvsDL,VolumeRatio,spinalcord_3,0.0
690,GTvsDLB,DICE,spinalcord_3,0.8222009867603954
691,GTvsDLB,EPL,spinalcord_3,84.88492615582192
692,GTvsDLB,Hausdorff,spinalcord_3,15.991223814949292
693,GTvsDLB,LineRatio,spinalcord_3,0.0
694,GTvsDLB,MSD,spinalcord_3,0.7617319735146264
695,GTvsDLB,VolumeRatio,spinalcord_3,0.0
696,GTvsDL,DICE,submandibular_merged_3,0.7825294699003015
697,GTvsDL,EPL,submandibular_merged_3,187.6092155612245
698,GTvsDL,Hausdorff,submandibular_merged_3,12.397377103717462
699,GTvsDL,LineRatio,submandibular_merged_3,0.0
700,GTvsDL,MSD,submandibular_merged_3,0.992329491746545
701,GTvsDL,VolumeRatio,submandibular_merged_3,0.0
702,GTvsDLB,DICE,submandibular_merged_3,0.8899004897762086
703,GTvsDLB,EPL,submandibular_merged_3,75.76761798469387
704,GTvsDLB,Hausdorff,submandibular_merged_3,6.187208076400614
705,GTvsDLB,LineRatio,submandibular_merged_3,0.0
706,GTvsDLB,MSD,submandibular_merged_3,0.2028688019466446
707,GTvsDLB,VolumeRatio,submandibular_merged_3,0.0
708,GTvsDL,DICE,thyroid_3,0.828673680903786
709,GTvsDL,EPL,thyroid_3,188.3431838768116
710,GTvsDL,Hausdorff,thyroid_3,10.033918061088016
711,GTvsDL,LineRatio,thyroid_3,0.0
712,GTvsDL,MSD,thyroid_3,0.42323450534183954
713,GTvsDL,VolumeRatio,thyroid_3,0.0
714,GTvsDLB,DICE,thyroid_3,0.8610436855882676
715,GTvsDLB,EPL,thyroid_3,142.4485394021739
716,GTvsDLB,Hausdorff,thyroid_3,11.69392638479004
717,GTvsDLB,LineRatio,thyroid_3,0.0
718,GTvsDLB,MSD,thyroid_3,0.3119889668166385
719,GTvsDLB,VolumeRatio,thyroid_3,0.0
720,GTvsDL,DICE,brain_4,0.93746722341048
721,GTvsDL,EPL,brain_4,692.5763919454225
722,GTvsDL,Hausdorff,brain_4,0.041650658015829664
723,GTvsDL,LineRatio,brain_4,0.001655547019057297
724,GTvsDL,MSD,brain_4,22.10360676359785
725,GTvsDL,VolumeRatio,brain_4,0.9017708614230452
726,GTvsDLB,DICE,brain_4,0.985948900707228
727,GTvsDLB,EPL,brain_4,243.45551826584506
728,GTvsDLB,Hausdorff,brain_4,0.011702984650683514
729,GTvsDLB,LineRatio,brain_4,0.00045318331245392874
730,GTvsDLB,MSD,brain_4,12.241477262062332
731,GTvsDLB,VolumeRatio,brain_4,0.043326249054916104
732,GTvsDL,DICE,brainstem_4,0.8460396443525003
733,GTvsDL,EPL,brainstem_4,129.36539490582192
734,GTvsDL,Hausdorff,brainstem_4,0.06226349260948036
735,GTvsDL,LineRatio,brainstem_4,0.007873544615292155
736,GTvsDL,MSD,brainstem_4,7.5794434802621895
737,GTvsDL,VolumeRatio,brainstem_4,0.39857238905444836
738,GTvsDLB,DICE,brainstem_4,0.9074837820372275
739,GTvsDLB,EPL,brainstem_4,34.46973994006849
740,GTvsDLB,Hausdorff,brainstem_4,0.016994218865431513
741,GTvsDLB,LineRatio,brainstem_4,0.002072527363356409
742,GTvsDLB,MSD,brainstem_4,5.447214085554969
743,GTvsDLB,VolumeRatio,brainstem_4,0.15518011347911467
744,GTvsDL,DICE,esophagus_4,0.718374367153458
745,GTvsDL,EPL,esophagus_4,265.7178697183099
746,GTvsDL,Hausdorff,esophagus_4,0.14751926542255012
747,GTvsDL,LineRatio,esophagus_4,0.033321165190574355
748,GTvsDL,MSD,esophagus_4,19.191921513748156
749,GTvsDL,VolumeRatio,esophagus_4,1.733886727125043
750,GTvsDLB,DICE,esophagus_4,0.8735841271025009
751,GTvsDLB,EPL,esophagus_4,26.25638204225352
752,GTvsDLB,Hausdorff,esophagus_4,0.012053663552386237
753,GTvsDLB,LineRatio,esophagus_4,0.00236004725810116
754,GTvsDLB,MSD,esophagus_4,9.790247103485862
755,GTvsDLB,VolumeRatio,esophagus_4,0.21761436212668187
756,GTvsDL,DICE,eyeback_merged_4,0.6681186266022219
757,GTvsDL,EPL,eyeback_merged_4,343.2955729166667
758,GTvsDL,Hausdorff,eyeback_merged_4,0.25005265192401155
759,GTvsDL,LineRatio,eyeback_merged_4,0.05073747489364833
760,GTvsDL,MSD,eyeback_merged_4,14.109485761386903
761,GTvsDL,VolumeRatio,eyeback_merged_4,2.3126166498158307
762,GTvsDLB,DICE,eyeback_merged_4,0.8804930397146247
763,GTvsDLB,EPL,eyeback_merged_4,22.691761363636363
764,GTvsDLB,Hausdorff,eyeback_merged_4,0.014357835066772273
765,GTvsDLB,LineRatio,eyeback_merged_4,0.0021648884100635406
766,GTvsDLB,MSD,eyeback_merged_4,4.950658088528209
767,GTvsDLB,VolumeRatio,eyeback_merged_4,0.19594806576638907
768,GTvsDL,DICE,eyefront_merged_4,0.3558926742719664
769,GTvsDL,EPL,eyefront_merged_4,419.83177083333334
770,GTvsDL,Hausdorff,eyefront_merged_4,0.4982055495765589
771,GTvsDL,LineRatio,eyefront_merged_4,0.14139749576411276
772,GTvsDL,MSD,eyefront_merged_4,35.41651215623993
773,GTvsDL,VolumeRatio,eyefront_merged_4,8.205725925139781
774,GTvsDLB,DICE,eyefront_merged_4,0.8073114671038923
775,GTvsDLB,EPL,eyefront_merged_4,11.208096590909092
776,GTvsDLB,Hausdorff,eyefront_merged_4,0.008941066407980485
777,GTvsDLB,LineRatio,eyefront_merged_4,0.0021667889184665955
778,GTvsDLB,MSD,eyefront_merged_4,5.444935940091822
779,GTvsDLB,VolumeRatio,eyefront_merged_4,0.4341668561392835
780,GTvsDL,DICE,lips_4,0.6345457896882111
781,GTvsDL,EPL,lips_4,495.3068546660959
782,GTvsDL,Hausdorff,lips_4,0.2072157422104994
783,GTvsDL,LineRatio,lips_4,0.04203207553928262
784,GTvsDL,MSD,lips_4,17.161108362189516
785,GTvsDL,VolumeRatio,lips_4,1.6373965287680379
786,GTvsDLB,DICE,lips_4,0.8492434370505868
787,GTvsDLB,EPL,lips_4,84.45398116438356
788,GTvsDLB,Hausdorff,lips_4,0.03659691321128035
789,GTvsDLB,LineRatio,lips_4,0.007447266872513395
790,GTvsDLB,MSD,lips_4,7.431278876850111
791,GTvsDLB,VolumeRatio,lips_4,0.3257416656798381
792,GTvsDL,DICE,mandible_4,0.906322466696042
793,GTvsDL,EPL,mandible_4,284.704833984375
794,GTvsDL,Hausdorff,mandible_4,0.03226264399725051
795,GTvsDL,LineRatio,mandible_4,0.005461551177709131
796,GTvsDL,MSD,mandible_4,17.833450435667913
797,GTvsDL,VolumeRatio,mandible_4,0.4193055975300484
798,GTvsDLB,DICE,mandible_4,0.9184903291692853
799,GTvsDLB,EPL,mandible_4,225.68768988715277
800,GTvsDLB,Hausdorff,mandible_4,0.025249719187286787
801,GTvsDLB,LineRatio,mandible_4,0.00425552288541651
802,GTvsDLB,MSD,mandible_4,15.018161715601943
803,GTvsDLB,VolumeRatio,mandible_4,0.223056847197
804,GTvsDL,DICE,opticNerve_merged_4,
805,GTvsDL,EPL,opticNerve_merged_4,
806,GTvsDL,Hausdorff,opticNerve_merged_4,
807,GTvsDL,LineRatio,opticNerve_merged_4,
808,GTvsDL,MSD,opticNerve_merged_4,
809,GTvsDL,VolumeRatio,opticNerve_merged_4,
810,GTvsDLB,DICE,opticNerve_merged_4,
811,GTvsDLB,EPL,opticNerve_merged_4,
812,GTvsDLB,Hausdorff,opticNerve_merged_4,
813,GTvsDLB,LineRatio,opticNerve_merged_4,
814,GTvsDLB,MSD,opticNerve_merged_4,
815,GTvsDLB,VolumeRatio,opticNerve_merged_4,
816,GTvsDL,DICE,parotid_merged_4,0.8359873361755163
817,GTvsDL,EPL,parotid_merged_4,528.0051637414383
818,GTvsDL,Hausdorff,parotid_merged_4,0.10238954545356468
819,GTvsDL,LineRatio,parotid_merged_4,0.014337084907936132
820,GTvsDL,MSD,parotid_merged_4,16.244092113617086
821,GTvsDL,VolumeRatio,parotid_merged_4,0.4609094291334693
822,GTvsDLB,DICE,parotid_merged_4,0.872728102022726
823,GTvsDLB,EPL,parotid_merged_4,294.14779537671234
824,GTvsDLB,Hausdorff,parotid_merged_4,0.06215562166523961
825,GTvsDLB,LineRatio,parotid_merged_4,0.008689120084248606
826,GTvsDLB,MSD,parotid_merged_4,12.698134220975247
827,GTvsDLB,VolumeRatio,parotid_merged_4,0.31179699408190764
828,GTvsDL,DICE,pcm_low_4,0.5327180858300569
829,GTvsDL,EPL,pcm_low_4,356.22093290441177
830,GTvsDL,Hausdorff,pcm_low_4,0.2904142307836034
831,GTvsDL,LineRatio,pcm_low_4,0.07384750676193211
832,GTvsDL,MSD,pcm_low_4,14.313112004352707
833,GTvsDL,VolumeRatio,pcm_low_4,2.283000288351491
834,GTvsDLB,DICE,pcm_low_4,0.8262659650826608
835,GTvsDLB,EPL,pcm_low_4,35.963541666666664
836,GTvsDLB,Hausdorff,pcm_low_4,0.03628781363171776
837,GTvsDLB,LineRatio,pcm_low_4,0.010107524140342041
838,GTvsDLB,MSD,pcm_low_4,13.355977924856228
839,GTvsDLB,VolumeRatio,pcm_low_4,0.6672273566232967
840,GTvsDL,DICE,pcm_mid_4,0.5892938469952674
841,GTvsDL,EPL,pcm_mid_4,420.906982421875
842,GTvsDL,Hausdorff,pcm_mid_4,0.25847246719103645
843,GTvsDL,LineRatio,pcm_mid_4,0.0735746266238069
844,GTvsDL,MSD,pcm_mid_4,14.0282032534402
845,GTvsDL,VolumeRatio,pcm_mid_4,1.808274854141046
846,GTvsDLB,DICE,pcm_mid_4,0.8501617089175383
847,GTvsDLB,EPL,pcm_mid_4,61.504728618421055
848,GTvsDLB,Hausdorff,pcm_mid_4,0.02989305861962734
849,GTvsDLB,LineRatio,pcm_mid_4,0.009094702359499945
850,GTvsDLB,MSD,pcm_mid_4,5.8303304977292525
851,GTvsDLB,VolumeRatio,pcm_mid_4,0.26038583082648914
852,GTvsDL,DICE,pcm_up_4,0.5516219688272563
853,GTvsDL,EPL,pcm_up_4,740.9192708333334
854,GTvsDL,Hausdorff,pcm_up_4,0.30332225114576566
855,GTvsDL,LineRatio,pcm_up_4,0.08522354126554821
856,GTvsDL,MSD,pcm_up_4,23.828800055237103
857,GTvsDL,VolumeRatio,pcm_up_4,2.2692362785002613
858,GTvsDLB,DICE,pcm_up_4,0.7808197838453234
859,GTvsDLB,EPL,pcm_up_4,129.31856496710526
860,GTvsDLB,Hausdorff,pcm_up_4,0.050691033892074286
861,GTvsDLB,LineRatio,pcm_up_4,0.014385583090037658
862,GTvsDLB,MSD,pcm_up_4,14.139416515088586
863,GTvsDLB,VolumeRatio,pcm_up_4,0.47329978042931325
864,GTvsDL,DICE,spinalcord_4,0.8139816703723822
865,GTvsDL,EPL,spinalcord_4,61.93846318493151
866,GTvsDL,Hausdorff,spinalcord_4,0.016012174472940073
867,GTvsDL,LineRatio,spinalcord_4,0.003630207220623131
868,GTvsDL,MSD,spinalcord_4,14.657354446382753
869,GTvsDL,VolumeRatio,spinalcord_4,0.7750026391579836
870,GTvsDLB,DICE,spinalcord_4,0.8222009867603954
871,GTvsDLB,EPL,spinalcord_4,27.253157106164384
872,GTvsDLB,Hausdorff,spinalcord_4,0.007495402068159123
873,GTvsDLB,LineRatio,spinalcord_4,0.001848053708234578
874,GTvsDLB,MSD,spinalcord_4,15.991223814949292
875,GTvsDLB,VolumeRatio,spinalcord_4,0.7617319735146264
876,GTvsDL,DICE,submandibular_merged_4,0.7825294699003015
877,GTvsDL,EPL,submandibular_merged_4,343.9205994897959
878,GTvsDL,Hausdorff,submandibular_merged_4,0.14241171534966615
879,GTvsDL,LineRatio,submandibular_merged_4,0.025315808080717383
880,GTvsDL,MSD,submandibular_merged_4,12.397377103717462
881,GTvsDL,VolumeRatio,submandibular_merged_4,0.992329491746545
882,GTvsDLB,DICE,submandibular_merged_4,0.8899004897762086
883,GTvsDLB,EPL,submandibular_merged_4,51.52734375
884,GTvsDLB,Hausdorff,submandibular_merged_4,0.018391562892436007
885,GTvsDLB,LineRatio,submandibular_merged_4,0.0032113107493768043
886,GTvsDLB,MSD,submandibular_merged_4,6.187208076400614
887,GTvsDLB,VolumeRatio,submandibular_merged_4,0.2028688019466446
888,GTvsDL,DICE,thyroid_4,0.828673680903786
889,GTvsDL,EPL,thyroid_4,158.39611639492753
890,GTvsDL,Hausdorff,thyroid_4,0.05503892721335041
891,GTvsDL,LineRatio,thyroid_4,0.011411996925194786
892,GTvsDL,MSD,thyroid_4,10.033918061088016
893,GTvsDL,VolumeRatio,thyroid_4,0.4232345053418395
894,GTvsDLB,DICE,thyroid_4,0.8610436855882676
895,GTvsDLB,EPL,thyroid_4,103.92827219202898
896,GTvsDLB,Hausdorff,thyroid_4,0.034836348640179794
897,GTvsDLB,LineRatio,thyroid_4,0.007509438633896554
898,GTvsDLB,MSD,thyroid_4,11.69392638479004
899,GTvsDLB,VolumeRatio,thyroid_4,0.3119889668166385
